AE6228,69-6600,B212,10,Bell UH-1N Iroquois
AE6229,69-6604,B212,10,Bell UH-1N Iroquois
AE622B,69-6610,B212,10,Bell UH-1N Iroquois
AE622C,69-6612,B212,10,Bell UH-1N Iroquois
AE622D,69-6613,B212,10,Bell UH-1N Iroquois
AE622E,69-6614,B212,10,Bell UH-1N Iroquois
AE622F,69-6617,B212,10,Bell UH-1N Iroquois
AE6231,69-6626,B212,10,Bell UH-1N Iroquois
AE6232,69-6630,B212,10,Bell UH-1N Iroquois
AE6234,69-6636,B212,10,Bell UH-1N Iroquois
AE6235,69-6637,B212,10,Bell UH-1N Iroquois
AE6236,69-6639,B212,10,Bell UH-1N Iroquois
AE6237,69-6641,B212,10,Bell UH-1N Iroquois
AE6238,69-6642,B212,10,Bell UH-1N Iroquois
AE6239,69-6645,B212,10,Bell UH-1N Iroquois
AE623B,69-6648,B212,10,Bell UH-1N Iroquois
AE623C,69-6649,B212,10,Bell UH-1N Iroquois
AE623D,69-6650,B212,10,Bell UH-1N Iroquois
AE6230,69-6652,B212,10,Bell UH-1N Iroquois
AE623E,69-6653,B212,10,Bell UH-1N Iroquois
AE622A,69-6654,B212,10,Bell UH-1N Iroquois
AE6245,69-6661,B212,10,Bell UH-1N Iroquois
AE6244,69-6663,B212,10,Bell UH-1N Iroquois
AE6247,69-6665,B212,10,Bell UH-1N Iroquois
AE6249,69-6667,B212,10,Bell UH-1N Iroquois
AE624F,69-6668,B212,10,Bell UH-1N Iroquois
AE624C,69-7536,B212,10,Bell UH-1N Iroquois
AE624D,69-7537,B212,10,Bell UH-1N Iroquois
AE6251,74-59188,B212,10,Bell UH-1N Iroquois
