010075,SU-BAB,C130,10,Lockheed C-130H Hercules
010077,SU-BAD,C130,10,Lockheed C-130H Hercules
010078,SU-BAE,C130,10,Lockheed C-130H Hercules
010079,SU-BAF,C130,10,Lockheed C-130H Hercules
01007A,SU-BAI,C130,10,Lockheed C-130H Hercules
01007C,SU-BAK,C130,10,Lockheed C-130H Hercules
01007D,SU-BAL,C130,10,Lockheed C-130H Hercules
01007E,SU-BAM,C130,10,Lockheed VC-130H Hercules
010082,SU-BAR,C130,10,Lockheed C-130H Hercules
010083,SU-BAS,C130,10,Lockheed C-130H Hercules
010086,SU-BAV,C130,10,Lockheed VC-130H Hercules
010087,SU-BEW,C130,10,Lockheed C-130H Hercules
010089,SU-BEY,C130,10,Lockheed C-130H Hercules
01008A,SU-BKS,C130,10,Lockheed C-130H-30 Hercules
01008B,SU-BKT,C130,10,Lockheed C-130H-30 Hercules
01008C,SU-BKU,C130,10,Lockheed C-130H-30 Hercules
064098,NAF913,C130,10,Lockheed C-130H Hercules
0680AD,5X-SBR,C130,00,Lockheed L-100-30 Hercules
0AC8F3,FAC1001,C130,10,Lockheed C-130B Hercules
3B7710,4588,C130,10,Lockheed C-130H Hercules
3B7711,5227,C130,10,Lockheed C-130H-30 Hercules
3B7712,5226,C130,10,Lockheed C-130H-30 Hercules
3B7713,5153,C130,10,Lockheed C-130H-30 Hercules
3B7714,5152,C130,10,Lockheed C-130H-30 Hercules
3B7715,5151,C130,10,Lockheed C-130H-30 Hercules
3B7716,5150,C130,10,Lockheed C-130H-30 Hercules
3B7717,5144,C130,10,Lockheed C-130H-30 Hercules
3B7718,5142,C130,10,Lockheed C-130H-30 Hercules
3B7719,5140,C130,10,Lockheed C-130H-30 Hercules
3B771A,5119,C130,10,Lockheed C-130H Hercules
3B771B,5116,C130,10,Lockheed C-130H Hercules
3B771C,5114,C130,10,Lockheed C-130H Hercules
4A8182,84002,C130,10,Lockheed TP 84 Hercules (C-130H)
4A8184,84004,C130,10,Lockheed TP 84 Hercules (C-130H)
4A8185,84005,C130,10,Lockheed TP 84 Hercules (C-130H)
4A8186,84006,C130,10,Lockheed TP 84 Hercules (C-130H)
4A8187,84007,C130,10,Lockheed TP 84 Hercules (C-130H)
4A8188,84008,C130,10,Lockheed TP 84 Hercules (C-130H)
738A81,102,C130,10,Lockheed C-130H Hercules
738A82,428,C130,10,Lockheed C-130H Hercules
738A8D,420,C130,10,Lockheed KC-130H Hercules
738A8E,427,C130,10,Lockheed C-130H Hercules
738A8F,435,C130,10,Lockheed C-130H Hercules
738A90,436,C130,10,Lockheed KC-130H Hercules
738A91,522,C130,10,Lockheed KC-130H Hercules
738A92,545,C130,10,Lockheed KC-130H Hercules
87CC18,35-1071,C130,10,Lockheed C-130H Hercules
87CC19,35-1072,C130,10,Lockheed C-130H Hercules
87CC1A,45-1073,C130,10,Lockheed C-130H Hercules
87CC1B,45-1074,C130,10,Lockheed C-130H Hercules
87CC1C,75-1075,C130,10,Lockheed C-130H Hercules
87CC1D,75-1076,C130,10,Lockheed C-130H Hercules
87CC1E,75-1077,C130,10,Lockheed C-130H Hercules
87CC1F,75-1078,C130,10,Lockheed C-130H Hercules
87CC20,85-1079,C130,10,Lockheed C-130H Hercules
87CC21,85-1080,C130,10,Lockheed KC-130H Hercules
87CC22,95-1081,C130,10,Lockheed KC-130H Hercules
87CC24,95-1083,C130,10,Lockheed KC-130H Hercules
87CC25,05-1084,C130,10,Lockheed C-130H Hercules
87CC26,05-1085,C130,10,Lockheed C-130H Hercules
87CC27,85-1086,C130,10,Lockheed C-130H Hercules
ADFD65,88-2101,C130,10,Lockheed HC-130N Combat King
ADFD66,88-2102,C130,10,Lockheed HC-130N Combat King
ADFDB4,92-1094,C130,10,Lockheed LC-130H Hercules
ADFDB5,92-1095,C130,10,Lockheed LC-130H Hercules
ADFDB6,93-1036,C130,10,Lockheed C-130H Hercules
ADFDB7,93-1037,C130,10,Lockheed C-130H Hercules
ADFDB8,93-1038,C130,10,Lockheed C-130H Hercules
ADFDB9,93-1039,C130,10,Lockheed C-130H Hercules
ADFDBA,93-1040,C130,10,Lockheed C-130H Hercules
ADFDBB,93-1041,C130,10,Lockheed C-130H Hercules
ADFDBE,93-7311,C130,10,Lockheed C-130H Hercules
ADFDBF,93-7312,C130,10,Lockheed C-130H Hercules
ADFDC0,93-7313,C130,10,Lockheed C-130H Hercules
ADFDC1,93-7314,C130,10,Lockheed C-130H Hercules
ADFDC2,93-1455,C130,10,Lockheed C-130H Hercules
ADFDC3,93-1456,C130,10,Lockheed C-130H Hercules
ADFDC4,93-1457,C130,10,Lockheed C-130H Hercules
ADFDC6,93-1459,C130,10,Lockheed C-130H Hercules
ADFDC7,93-1561,C130,10,Lockheed C-130H Hercules
ADFDC8,93-1562,C130,10,Lockheed C-130H Hercules
ADFDC9,93-1563,C130,10,Lockheed C-130H Hercules
ADFDCA,93-2041,C130,10,Lockheed C-130H Hercules
ADFDCB,93-2042,C130,10,Lockheed C-130H Hercules
ADFDCC,92-2104,C130,10,Lockheed HC-130N Combat King
ADFDCD,93-2105,C130,10,Lockheed HC-130N Combat King
ADFDCE,93-2106,C130,10,Lockheed HC-130N Combat King
ADFDD3,95-6709,C130,10,Lockheed C-130H Hercules
ADFDD4,95-6710,C130,10,Lockheed C-130H Hercules
ADFDD5,95-6711,C130,10,Lockheed C-130H Hercules
ADFDD6,95-6712,C130,10,Lockheed C-130H Hercules
ADFDD7,95-1001,C130,10,Lockheed C-130H Hercules
ADFDD8,95-1002,C130,10,Lockheed C-130H Hercules
ADFDDC,94-7315,C130,10,Lockheed C-130H Hercules
ADFDDD,94-7316,C130,10,Lockheed C-130H Hercules
ADFDDE,94-7317,C130,10,Lockheed C-130H Hercules
ADFDDF,94-7318,C130,10,Lockheed C-130H Hercules
ADFDE0,94-7319,C130,10,Lockheed C-130H Hercules
ADFDE1,94-7310,C130,10,Lockheed C-130H Hercules
ADFDE6,94-6701,C130,10,Lockheed C-130H Hercules
ADFDE7,94-6702,C130,10,Lockheed C-130H Hercules
ADFDE8,94-6703,C130,10,Lockheed C-130H Hercules
ADFDEA,94-6705,C130,10,Lockheed C-130H Hercules
ADFDEB,94-6706,C130,10,Lockheed C-130H Hercules
ADFDEC,94-6707,C130,10,Lockheed C-130H Hercules
ADFDED,94-6708,C130,10,Lockheed C-130H Hercules
ADFDEE,93-1096,C130,10,Lockheed LC-130H Hercules
ADFE0D,1701,C130,10,Lockheed HC-130H7 Hercules
ADFE0E,1702,C130,10,Lockheed HC-130H7 Hercules
ADFE0F,1703,C130,10,Lockheed HC-130H7 Hercules
ADFE10,1704,C130,10,Lockheed HC-130H7 Hercules
ADFE12,1706,C130,10,Lockheed HC-130H7 Hercules
ADFE13,1707,C130,10,Lockheed HC-130H7 Hercules
ADFE14,1708,C130,10,Lockheed HC-130H7 Hercules
ADFE15,1709,C130,10,Lockheed HC-130H7 Hercules
ADFE17,1711,C130,10,Lockheed HC-130H7 Hercules
ADFE18,1712,C130,10,Lockheed HC-130H7 Hercules
ADFE19,1713,C130,10,Lockheed HC-130H7 Hercules
ADFE1A,1714,C130,10,Lockheed HC-130H7 Hercules
ADFE1B,1715,C130,10,Lockheed HC-130H7 Hercules
ADFE1C,1716,C130,10,Lockheed HC-130H7 Hercules
ADFE1E,1718,C130,10,Lockheed HC-130H7 Hercules
ADFE1F,1719,C130,10,Lockheed HC-130H7 Hercules
ADFE20,1720,C130,10,Lockheed HC-130H7 Hercules
ADFE21,1790,C130,10,Lockheed HC-130H Hercules
ADFE59,90-2103,C130,10,Lockheed HC-130N Combat King
ADFE5A,90-1791,C130,10,Lockheed C-130H Hercules
ADFE5B,90-1792,C130,10,Lockheed C-130H Hercules
ADFE5C,90-1793,C130,10,Lockheed C-130H Hercules
ADFE5D,90-1794,C130,10,Lockheed C-130H Hercules
ADFE5E,90-1795,C130,10,Lockheed C-130H Hercules
ADFE5F,90-1796,C130,10,Lockheed C-130H Hercules
ADFE60,90-1797,C130,10,Lockheed C-130H Hercules
ADFE61,90-1798,C130,10,Lockheed C-130H Hercules
ADFE62,91-1231,C130,10,Lockheed C-130H Hercules
ADFE63,91-1232,C130,10,Lockheed C-130H Hercules
ADFE64,91-1233,C130,10,Lockheed C-130H Hercules
ADFE65,91-1234,C130,10,Lockheed C-130H Hercules
ADFE66,91-1235,C130,10,Lockheed C-130H Hercules
ADFE67,91-1236,C130,10,Lockheed C-130H Hercules
ADFE68,91-1237,C130,10,Lockheed C-130H Hercules
ADFE69,91-1238,C130,10,Lockheed C-130H Hercules
ADFE6A,91-1239,C130,10,Lockheed C-130H Hercules
ADFE6C,91-1652,C130,10,Lockheed C-130H Hercules
ADFE6D,91-1653,C130,10,Lockheed C-130H Hercules
ADFE6E,92-1531,C130,10,Lockheed C-130H Hercules
ADFE6F,92-1532,C130,10,Lockheed C-130H Hercules
ADFE70,92-1533,C130,10,Lockheed C-130H Hercules
ADFE71,92-1534,C130,10,Lockheed C-130H Hercules
ADFE72,92-1535,C130,10,Lockheed C-130H Hercules
ADFE73,92-1536,C130,10,Lockheed C-130H Hercules
ADFE74,92-1537,C130,10,Lockheed C-130H Hercules
ADFE75,92-1538,C130,10,Lockheed C-130H Hercules
ADFE76,92-1451,C130,10,Lockheed C-130H Hercules
ADFE77,92-1452,C130,10,Lockheed C-130H Hercules
ADFE78,92-1453,C130,10,Lockheed C-130H Hercules
ADFE79,92-1454,C130,10,Lockheed C-130H Hercules
ADFE7A,92-3281,C130,10,Lockheed C-130H Hercules
ADFE7B,92-3282,C130,10,Lockheed C-130H Hercules
ADFE7C,92-3283,C130,10,Lockheed C-130H Hercules
ADFE7D,92-3284,C130,10,Lockheed C-130H Hercules
ADFE7E,92-3285,C130,10,Lockheed C-130H Hercules
ADFE7F,92-3286,C130,10,Lockheed C-130H Hercules
ADFE80,92-3287,C130,10,Lockheed C-130H Hercules
ADFE81,92-3288,C130,10,Lockheed C-130H Hercules
ADFE82,92-0547,C130,10,Lockheed C-130H Hercules
ADFE83,92-0548,C130,10,Lockheed C-130H Hercules
ADFE84,92-0549,C130,10,Lockheed C-130H Hercules
ADFE85,92-0550,C130,10,Lockheed C-130H Hercules
ADFE87,92-0552,C130,10,Lockheed C-130H Hercules
ADFE88,92-0553,C130,10,Lockheed C-130H Hercules
ADFE89,92-0554,C130,10,Lockheed C-130H Hercules
ADFEA0,94-7320,C130,10,Lockheed C-130H Hercules
ADFEA1,94-7321,C130,10,Lockheed C-130H Hercules
ADFEA2,96-7322,C130,10,Lockheed C-130H Hercules
ADFEA3,96-7323,C130,10,Lockheed C-130H Hercules
ADFEA4,96-7324,C130,10,Lockheed C-130H Hercules
ADFEA5,96-7325,C130,10,Lockheed C-130H Hercules
ADFEA6,96-1003,C130,10,Lockheed C-130H Hercules
ADFEA7,96-1004,C130,10,Lockheed C-130H Hercules
ADFEA8,96-1005,C130,10,Lockheed C-130H Hercules
ADFEA9,96-1006,C130,10,Lockheed C-130H Hercules
ADFEAA,96-1007,C130,10,Lockheed C-130H Hercules
ADFEAB,96-1008,C130,10,Lockheed C-130H Hercules
AE02D3,92-3023,C130,10,Lockheed C-130H Hercules
AE03BE,992,C130,10,Lockheed KC-130R Hercules
AE03C0,160627,C130,10,Lockheed KC-130R Hercules
AE03C2,162308,C130,10,Lockheed KC-130T Hercules
AE03C3,162309,C130,10,Lockheed KC-130T Hercules
AE03C4,162310,C130,10,Lockheed KC-130T Hercules
AE03C5,162311,C130,10,Lockheed KC-130T Hercules
AE03C9,163023,C130,10,Lockheed KC-130T Hercules
AE03CA,163310,C130,10,Lockheed KC-130T Hercules
AE03CB,163311,C130,10,Lockheed KC-130T Hercules
AE03CC,163591,C130,10,Lockheed KC-130T Hercules
AE03CE,164105,C130,10,Lockheed KC-130T Hercules
AE03CF,164106,C130,10,Lockheed KC-130T Hercules
AE03D0,164180,C130,10,Lockheed KC-130T Hercules
AE03D1,164181,C130,10,Lockheed KC-130T Hercules
AE03D2,164441,C130,10,Lockheed KC-130T Hercules
AE03D3,164442,C130,10,Lockheed KC-130T Hercules
AE03D4,164597,C130,10,Lockheed KC-130T Hercules
AE03D5,164598,C130,10,Lockheed KC-130T Hercules
AE03D6,164999,C130,10,Lockheed KC-130T Hercules
AE03D8,165162,C130,10,Lockheed KC-130T Hercules
AE03DA,165315,C130,10,Lockheed KC-130T Hercules
AE03DB,165316,C130,10,Lockheed KC-130T Hercules
AE03DC,165352,C130,10,Lockheed KC-130T Hercules
AE03DE,164762,C130,10,Lockheed C-130T Hercules
AE03E0,164993,C130,10,Lockheed C-130T Hercules
AE03E1,164994,C130,10,Lockheed C-130T Hercules
AE03E2,164995,C130,10,Lockheed C-130T Hercules
AE03E3,164996,C130,10,Lockheed C-130T Hercules
AE03E4,164997,C130,10,Lockheed C-130T Hercules
AE03E5,164998,C130,10,Lockheed C-130T Hercules
AE03E6,165158,C130,10,Lockheed C-130T Hercules
AE03E7,165159,C130,10,Lockheed C-130T Hercules
AE03E8,165160,C130,10,Lockheed C-130T Hercules
AE03E9,165161,C130,10,Lockheed C-130T Hercules
AE03EA,165313,C130,10,Lockheed C-130T Hercules
AE03EB,165314,C130,10,Lockheed C-130T Hercules
AE03EC,165348,C130,10,Lockheed C-130T Hercules
AE03ED,165349,C130,10,Lockheed C-130T Hercules
AE03EE,165350,C130,10,Lockheed C-130T Hercules
AE03F1,165379,C130,10,Lockheed C-130T Hercules
AE0607,76-3301,C130,10,Lockheed LC-130H Hercules
AE0608,76-3302,C130,10,Lockheed LC-130H Hercules
AE0610,83-0493,C130,10,Lockheed LC-130H Hercules
AE060D,83-0490,C130,10,Lockheed LC-130H Hercules
AE060E,83-0491,C130,10,Lockheed LC-130H Hercules
AE060F,83-0492,C130,10,Lockheed LC-130H Hercules
AE0610,83-0493,C130,10,Lockheed LC-130H Hercules
AE0620,84-0210,C130,10,Lockheed C-130H Hercules
AE127B,73-1581,C130,10,Lockheed EC-130H Hercules
C2AF27,130339,C130,10,Lockheed CC-130H Hercules
C2AF4F,130332,C130,10,Lockheed CC-130H Hercules
C2AF59,130333,C130,10,Lockheed CC-130H Hercules
C2AF63,130334,C130,10,Lockheed CC-130H Hercules
C2AF6D,130335,C130,10,Lockheed CC-130H Hercules
C2AF77,130336,C130,10,Lockheed CC-130H Hercules
C2AF81,130337,C130,10,Lockheed CC-130H Hercules
C2AF8B,130338,C130,10,Lockheed CC-130H Hercules
C2AF95,130340,C130,10,Lockheed CC-130H Hercules
C2AF9F,130341,C130,10,Lockheed CC-130H Hercules
C2AFB3,130343,C130,10,Lockheed CC-130H Hercules
C2AFBD,130344,C130,10,Lockheed CC-130H Hercules
C87F02,NZ7001,C130,10,Lockheed C-130H Hercules
C87F03,NZ7002,C130,10,Lockheed C-130H Hercules
C87F04,NZ7003,C130,10,Lockheed C-130H Hercules
C87F05,NZ7004,C130,10,Lockheed C-130H Hercules
C87F06,NZ7005,C130,10,Lockheed C-130H Hercules
E20007,TC-61,C130,10,Lockheed C-130H Hercules
E20008,TC-64,C130,10,Lockheed C-130H Hercules
E20022,TC-69,C130,10,Lockheed KC-130H Hercules
E20049,TC-70,C130,10,Lockheed KC-130H Hercules
E20094,TC-66,C130,10,Lockheed C-130H Hercules
