70622E,881,F18S,10,Boeing F/A-18F Super Hornet
7CF8C8,A44-204,F18S,10,Boeing F/A-18F Super Hornet
7CF8D0,A44-212,F18S,10,Boeing F/A-18F Super Hornet
7CF8D8,A44-220,F18S,10,Boeing F/A-18F Super Hornet
7CF8D9,A44-221,F18S,10,Boeing F/A-18F Super Hornet
7CF8DB,A44-223,F18S,10,Boeing F/A-18F Super Hornet
AE1B4E,166817,F18S,10,Boeing F/A-18E Super Hornet
AE1B61,166836,F18S,10,Boeing F/A-18E Super Hornet
AE1B65,166840,F18S,10,Boeing F/A-18E Super Hornet
AE1B67,166842,F18S,10,Boeing F/A-18F Super Hornet
AE1B6D,166848,F18S,10,Boeing F/A-18F Super Hornet
AE1B6E,166849,F18S,10,Boeing F/A-18F Super Hornet
AE1B70,166851,F18S,10,Boeing F/A-18F Super Hornet
AE1B77,166858,F18S,10,Boeing F/A-18F Super Hornet
AE1B84,166871,F18S,10,Boeing F/A-18E Super Hornet
AE1B86,166873,F18S,10,Boeing F/A-18F Super Hornet
AE1B88,166875,F18S,10,Boeing F/A-18F Super Hornet
AE1B89,166876,F18S,10,Boeing F/A-18F Super Hornet
AE1B8E,166881,F18S,10,Boeing F/A-18F Super Hornet
AE1B8F,166882,F18S,10,Boeing F/A-18F Super Hornet
AE1B91,166884,F18S,10,Boeing F/A-18F Super Hornet
AE1B92,166885,F18S,10,Boeing F/A-18F Super Hornet
AE1B9A,166893,F18S,10,Boeing EA-18G Growler
AE1B9C,166895,F18S,10,Boeing EA-18G Growler
AE1B9D,166898,F18S,10,Boeing EA-18G Growler
AE20D0,166905,F18S,10,Boeing F/A-18E Super Hornet
AE20D9,166914,F18S,10,Boeing F/A-18E Super Hornet
AE20E3,166924,F18S,10,Boeing F/A-18F Super Hornet
AE20E4,166925,F18S,10,Boeing F/A-18F Super Hornet
AE20E6,166927,F18S,10,Boeing F/A-18F Super Hornet
AE20EE,166935,F18S,10,Boeing EA-18G Growler
AE20FB,166944,F18S,10,Boeing EA-18G Growler
AE2107,166956,F18S,10,Boeing F/A-18E Super Hornet
AE210F,166964,F18S,10,Boeing F/A-18E Super Hornet
AE2114,166968,F18S,10,Boeing F/A-18F Super Hornet
AE2116,166970,F18S,10,Boeing F/A-18F Super Hornet
AE2119,166973,F18S,10,Boeing F/A-18F Super Hornet
AE211B,166975,F18S,10,Boeing F/A-18F Super Hornet
AE211E,166978,F18S,10,Boeing F/A-18F Super Hornet
AE2F13,168258,F18S,10,Boeing EA-18G Growler
AE2F18,168263,F18S,10,Boeing EA-18G Growler
AE2F19,168264,F18S,10,Boeing EA-18G Growler
AE2F1A,168265,F18S,10,Boeing EA-18G Growler
AE2F23,168274,F18S,10,Boeing EA-18G Growler
AE49CA,168354,F18S,10,Boeing F/A-18E Super Hornet
AE49DA,168370,F18S,10,Boeing F/A-18E Super Hornet
AE49DC,168372,F18S,10,Boeing EA-18G Growler
AE49DE,168374,F18S,10,Boeing EA-18G Growler
AE49DF,168375,F18S,10,Boeing EA-18G Growler
AE49E0,168376,F18S,00,Boeing EA-18G Growler
AE49E1,168377,F18S,10,Boeing EA-18G Growler
AE49E5,168381,F18S,10,Boeing EA-18G Growler
AE49E6,168382,F18S,10,Boeing EA-18G Growler
AE49E7,168383,F18S,10,Boeing EA-18G Growler
AE49E9,168385,F18S,10,Boeing EA-18G Growler
AE49EC,168388,F18S,10,Boeing EA-18G Growler
AE49ED,168389,F18S,10,Boeing EA-18G Growler
AE5180,168489,F18S,10,Boeing F/A-18F Super Hornet
AE5181,168490,F18S,10,Boeing F/A-18F Super Hornet
AE5183,168492,F18S,10,Boeing F/A-18F Super Hornet
AE53B8,168882,F18S,10,Boeing F/A-18E Super Hornet
AE53BD,168887,F18S,10,Boeing F/A-18F Super Hornet
AE53C3,168893,F18S,10,Boeing EA-18G Growler
AE58B8,168905,F18S,10,Boeing F/A-18E Super Hornet
AE58C0,168913,F18S,10,Boeing F/A-18E Super Hornet
AE58C7,168920,F18S,10,Boeing F/A-18E Super Hornet
AE58D3,168932,F18S,10,Boeing EA-18G Growler
AE58D9,168938,F18S,10,Boeing EA-18G Growler
AE5B1B,169114,F18S,10,Boeing F/A-18E Super Hornet
AE5B1F,169118,F18S,10,Boeing F/A-18E Super Hornet
AE5B26,169125,F18S,10,Boeing EA-18G Growler
AE5B28,169127,F18S,10,Boeing EA-18G Growler
AE5B31,169136,F18S,10,Boeing EA-18G Growler
AE5B35,169140,F18S,10,Boeing EA-18G Growler
AE5B36,169141,F18S,10,Boeing EA-18G Growler
AE5B37,169142,F18S,10,Boeing EA-18G Growler
AE5B38,169143,F18S,10,Boeing EA-18G Growler
AE5DBC,169209,F18S,10,Boeing EA-18G Growler
AE5DBD,169210,F18S,10,Boeing EA-18G Growler
AE5DBF,169212,F18S,10,Boeing EA-18G Growler
AE5DC1,169214,F18S,10,Boeing EA-18G Growler
AE5DC6,169219,F18S,10,Boeing EA-18G Growler
AE5DC7,169220,F18S,10,Boeing EA-18G Growler
AE5F31,169406,F18S,10,Boeing EA-18G Growler
AE6101,169649,F18S,10,Boeing F/A-18F Super Hornet
AE6953,169973,F18S,10,Boeing F/A-18F Super Hornet
AE6D8E,169956,F18S,10,Boeing F/A-18E Super Hornet
AE6D9C,169970,F18S,10,Boeing F/A-18F Super Hornet
