43C918,ZP801,P8,10,Boeing Poseidon MRA1 (P-8A)
43C919,ZP802,P8,10,Boeing Poseidon MRA1 (P-8A)
43C91A,ZP803,P8,10,Boeing Poseidon MRA1 (P-8A)
43C91B,ZP804,P8,10,Boeing Poseidon MRA1 (P-8A)
43C91C,ZP805,P8,10,Boeing Poseidon MRA1 (P-8A)
43C91D,ZP806,P8,10,Boeing Poseidon MRA1 (P-8A)
43C91E,ZP807,P8,10,Boeing Poseidon MRA1 (P-8A)
43C91F,ZP808,P8,10,Boeing Poseidon MRA1 (P-8A)
43C920,ZP809,P8,10,Boeing Poseidon MRA1 (P-8A)
47819D,9582,P8,10,Boeing P-8A Poseidon
47819E,9583,P8,10,Boeing P-8A Poseidon
47819F,9584,P8,10,Boeing P-8A Poseidon
4781A0,9585,P8,10,Boeing P-8A Poseidon
4781A1,9586,P8,10,Boeing P-8A Poseidon
71F00D,230921,P8,10,Boeing P-8A Poseidon
7CF9CB,A47-001,P8,10,Boeing P-8A Poseidon
7CF9CC,A47-002,P8,10,Boeing P-8A Poseidon
7CF9CD,A47-003,P8,10,Boeing P-8A Poseidon
7CF9CE,A47-004,P8,10,Boeing P-8A Poseidon
7CF9CF,A47-005,P8,10,Boeing P-8A Poseidon
7CF9D0,A47-006,P8,10,Boeing P-8A Poseidon
7CF9D1,A47-007,P8,10,Boeing P-8A Poseidon
7CF9D2,A47-008,P8,10,Boeing P-8A Poseidon
7CF9D3,A47-009,P8,10,Boeing P-8A Poseidon
7CF9D4,A47-010,P8,10,Boeing P-8A Poseidon
7CF9D5,A47-011,P8,10,Boeing P-8A Poseidon
7CF9D6,A47-012,P8,10,Boeing P-8A Poseidon
800E89,IN328,P8,10,Boeing P-8I Neptune
800E8A,IN329,P8,10,Boeing P-8I Neptune
800E8B,IN330,P8,10,Boeing P-8I Neptune
800E8C,IN331,P8,10,Boeing P-8I Neptune
AE222C,167951,P8,10,Boeing P-8A Poseidon
AE222D,167952,P8,10,Boeing P-8A Poseidon
AE222E,167953,P8,10,Boeing P-8A Poseidon
AE222F,167954,P8,10,Boeing P-8A Poseidon
AE2230,167955,P8,10,Boeing P-8A Poseidon
AE4EB1,167956,P8,10,Boeing P-8A Poseidon
AE4EB2,168428,P8,10,Boeing P-8A Poseidon
AE4EB3,168429,P8,10,Boeing P-8A Poseidon
AE4EB4,168430,P8,10,Boeing P-8A Poseidon
AE4EB5,168431,P8,10,Boeing P-8A Poseidon
AE4EB6,168432,P8,10,Boeing P-8A Poseidon
AE4EB7,168433,P8,10,Boeing P-8A Poseidon
AE4EB8,168434,P8,10,Boeing P-8A Poseidon
AE4EB9,168435,P8,10,Boeing P-8A Poseidon
AE4EBA,168436,P8,10,Boeing P-8A Poseidon
AE4EBB,168437,P8,10,Boeing P-8A Poseidon
AE4EBC,168438,P8,10,Boeing P-8A Poseidon
AE4EBD,168439,P8,10,Boeing P-8A Poseidon
AE4EBE,168440,P8,10,Boeing P-8A Poseidon
AE4EBF,168754,P8,10,Boeing P-8A Poseidon
AE4EC0,168755,P8,10,Boeing P-8A Poseidon
AE4EC1,168756,P8,00,Boeing P-8A Poseidon
AE4EC2,168757,P8,10,Boeing P-8A Poseidon
AE4EC3,168758,P8,10,Boeing P-8A Poseidon
AE4EC4,168759,P8,10,Boeing P-8A Poseidon
AE4EC5,168760,P8,10,Boeing P-8A Poseidon
AE4EC6,168761,P8,10,Boeing P-8A Poseidon
AE4EC7,168762,P8,10,Boeing P-8A Poseidon
AE4EC8,168763,P8,10,Boeing P-8A Poseidon
AE4EC9,168764,P8,10,Boeing P-8A Poseidon
AE57B4,168848,P8,10,Boeing P-8A Poseidon
AE57B5,168849,P8,10,Boeing P-8A Poseidon
AE57B6,168850,P8,10,Boeing P-8A Poseidon
AE57B7,168851,P8,10,Boeing P-8A Poseidon
AE57B8,168852,P8,10,Boeing P-8A Poseidon
AE57B9,168853,P8,10,Boeing P-8A Poseidon
AE57BA,168854,P8,10,Boeing P-8A Poseidon
AE57BB,168855,P8,10,Boeing P-8A Poseidon
AE57BC,168856,P8,10,Boeing P-8A Poseidon
AE57BD,168857,P8,10,Boeing P-8A Poseidon
AE57BE,168858,P8,10,Boeing P-8A Poseidon
AE57BF,168859,P8,10,Boeing P-8A Poseidon
AE57C0,168860,P8,10,Boeing P-8A Poseidon
AE57C1,168996,P8,10,Boeing P-8A Poseidon
AE57C2,168997,P8,10,Boeing P-8A Poseidon
AE57C3,168998,P8,10,Boeing P-8A Poseidon
AE57C4,168999,P8,10,Boeing P-8A Poseidon
AE57C5,169000,P8,10,Boeing P-8A Poseidon
AE57C6,169001,P8,10,Boeing P-8A Poseidon
AE57C7,169002,P8,10,Boeing P-8A Poseidon
AE57C8,169003,P8,10,Boeing P-8A Poseidon
AE57CA,169005,P8,10,Boeing P-8A Poseidon
AE57CB,169006,P8,10,Boeing P-8A Poseidon
AE57CC,169007,P8,10,Boeing P-8A Poseidon
AE57CD,169008,P8,10,Boeing P-8A Poseidon
AE57CE,169009,P8,10,Boeing P-8A Poseidon
AE57CF,169010,P8,10,Boeing P-8A Poseidon
AE57D0,169011,P8,10,Boeing P-8A Poseidon
AE5C57,169325,P8,10,Boeing P-8A Poseidon
AE5C58,169326,P8,10,Boeing P-8A Poseidon
AE5C59,169327,P8,10,Boeing P-8A Poseidon
AE5C5A,169328,P8,10,Boeing P-8A Poseidon
AE5C5B,169329,P8,10,Boeing P-8A Poseidon
AE5C5C,169330,P8,10,Boeing P-8A Poseidon
AE5C5D,169331,P8,10,Boeing P-8A Poseidon
AE5C5F,169333,P8,10,Boeing P-8A Poseidon
AE5C60,169334,P8,10,Boeing P-8A Poseidon
AE5C61,169335,P8,10,Boeing P-8A Poseidon
AE5C62,169336,P8,10,Boeing P-8A Poseidon
AE5C63,169337,P8,10,Boeing P-8A Poseidon
AE5C64,169338,P8,10,Boeing P-8A Poseidon
AE5C65,169339,P8,10,Boeing P-8A Poseidon
AE5C66,169340,P8,10,Boeing P-8A Poseidon
AE5C67,169341,P8,10,Boeing P-8A Poseidon
AE5C68,169342,P8,10,Boeing P-8A Poseidon
AE5C69,169343,P8,10,Boeing P-8A Poseidon
AE5C6A,169344,P8,10,Boeing P-8A Poseidon
AE5C6B,169345,P8,10,Boeing P-8A Poseidon
AE5C6C,169346,P8,10,Boeing P-8A Poseidon
AE5C6D,169347,P8,10,Boeing P-8A Poseidon
AE5C6E,169348,P8,10,Boeing P-8A Poseidon
AE5E17,169349,P8,10,Boeing P-8A Poseidon
AE5E18,169426,P8,10,Boeing P-8A Poseidon
AE5F37,169542,P8,10,Boeing P-8A Poseidon
AE5F38,169543,P8,10,Boeing P-8A Poseidon
AE5F39,169544,P8,10,Boeing P-8A Poseidon
AE5F3A,169545,P8,10,Boeing P-8A Poseidon
AE5F3B,169546,P8,10,Boeing P-8A Poseidon
AE5F3C,169547,P8,10,Boeing P-8A Poseidon
AE5F3D,169548,P8,10,Boeing P-8A Poseidon
AE5F3E,169549,P8,10,Boeing P-8A Poseidon
AE5F40,169551,P8,10,Boeing P-8A Poseidon
AE5F41,169552,P8,10,Boeing P-8A Poseidon
AE5F42,169553,P8,10,Boeing P-8A Poseidon
AE5F43,169554,P8,10,Boeing P-8A Poseidon
AE5F44,169555,P8,10,Boeing P-8A Poseidon
AE5F45,169556,P8,10,Boeing P-8A Poseidon
AE5F46,169557,P8,10,Boeing P-8A Poseidon
AE5F47,169558,P8,10,Boeing P-8A Poseidon
AE5F48,169559,P8,10,Boeing P-8A Poseidon
AE5F49,169560,P8,10,Boeing P-8A Poseidon
AE5F4B,169562,P8,10,Boeing P-8A Poseidon
AE5F4C,169563,P8,10,Boeing P-8A Poseidon
AE5F4D,169564,P8,10,Boeing P-8A Poseidon
AE5F4E,169565,P8,10,Boeing P-8A Poseidon
AE5F4F,169566,P8,10,Boeing P-8A Poseidon
AE5F50,169567,P8,10,Boeing P-8A Poseidon
AE5F51,169568,P8,10,Boeing P-8A Poseidon
AE5F52,169569,P8,10,Boeing P-8A Poseidon
AE5F53,169570,P8,10,Boeing P-8A Poseidon
AE5F54,169571,P8,10,Boeing P-8A Poseidon
AE5F55,169572,P8,10,Boeing P-8A Poseidon
AE5F56,169324,P8,10,Boeing P-8A Poseidon
AE6790,169561,P8,10,Boeing P-8A Poseidon
AE6820,169004,P8,10,Boeing P-8A Poseidon
AE6895,169332,P8,00,Boeing P-8A Poseidon
AE6A3A,170013,P8,10,Boeing P-8A Poseidon
AE6A3B,170014,P8,10,Boeing P-8A Poseidon
AE6A3C,170015,P8,10,Boeing P-8A Poseidon
AE6A3E,170017,P8,10,Boeing P-8A Poseidon
AE6A3F,170018,P8,10,Boeing P-8A Poseidon
C87F3A,NZ4801,P8,10,Boeing P-8A Poseidon