33FD45,MM-AV-SA-0018,Q4,10,Northrop Grumman RQ-4D Phoenix
33FD5E,MM-AV-SA-0017,Q4,10,Northrop Grumman RQ-4D Phoenix
33FD69,MM-AV-SA-0016,Q4,10,Northrop Grumman RQ-4D Phoenix
33FD6A,MM-AV-SA-0015,Q4,10,Northrop Grumman RQ-4D Phoenix
33FD6B,MM-AV-SA-0014,Q4,10,Northrop Grumman RQ-4D Phoenix
AE27A7,04-2021,Q4,10,Northrop Grumman RQ-4B Global Hawk
AE540E,11-2049,Q4,10,Northrop Grumman RQ-4B Global Hawk
AE5422,11-2048,Q4,10,Northrop Grumman RQ-4B Global Hawk
AE54B5,10-2043,Q4,10,Northrop Grumman RQ-4B Global Hawk
AE17ED,166509,Q4,10,Northrop Grumman RQ-4N Global Hawk
AE5C71,168458,Q4,10,Northrop Grumman MQ-4C Triton
AE5C72,168457,Q4,10,Northrop Grumman MQ-4C Triton
AE5C73,168459,Q4,10,Northrop Grumman MQ-4C Triton
AE5C74,168460,Q4,10,Northrop Grumman MQ-4C Triton
AE6257,169171,Q4,10,Northrop Grumman MQ-4C Triton
AE625D,169538,Q4,10,Northrop Grumman MQ-4C Triton
AE7811,169602,Q4,10,Northrop Grumman MQ-4C Triton
AE7812,169659,Q4,10,Northrop Grumman MQ-4C Triton
AE7813,169660,Q4,10,Northrop Grumman MQ-4C Triton
AE7814,169661,Q4,10,Northrop Grumman MQ-4C Triton
AE7815,169804,Q4,10,Northrop Grumman MQ-4C Triton
AE7816,169805,Q4,10,Northrop Grumman MQ-4C Triton
